-- MySQL dump 10.13  Distrib 5.6.21, for Win32 (x86)
--
-- Host: localhost    Database: bitnami_edx
-- ------------------------------------------------------
-- Server version	5.6.21

/*!40101 SET @OLD_CHARACTER_SET_CLIENT=@@CHARACTER_SET_CLIENT */;
/*!40101 SET @OLD_CHARACTER_SET_RESULTS=@@CHARACTER_SET_RESULTS */;
/*!40101 SET @OLD_COLLATION_CONNECTION=@@COLLATION_CONNECTION */;
/*!40101 SET NAMES utf8 */;
/*!40103 SET @OLD_TIME_ZONE=@@TIME_ZONE */;
/*!40103 SET TIME_ZONE='+00:00' */;
/*!40014 SET @OLD_UNIQUE_CHECKS=@@UNIQUE_CHECKS, UNIQUE_CHECKS=0 */;
/*!40014 SET @OLD_FOREIGN_KEY_CHECKS=@@FOREIGN_KEY_CHECKS, FOREIGN_KEY_CHECKS=0 */;
/*!40101 SET @OLD_SQL_MODE=@@SQL_MODE, SQL_MODE='NO_AUTO_VALUE_ON_ZERO' */;
/*!40111 SET @OLD_SQL_NOTES=@@SQL_NOTES, SQL_NOTES=0 */;

--
-- Table structure for table `course_name`
--

DROP TABLE IF EXISTS `course_name`;
/*!40101 SET @saved_cs_client     = @@character_set_client */;
/*!40101 SET character_set_client = utf8 */;
CREATE TABLE `course_name` (
  `id` int(11) NOT NULL AUTO_INCREMENT,
  `course_id` varchar(255) DEFAULT NULL,
  `course_name` varchar(255) DEFAULT NULL,
  `inicio` date DEFAULT NULL,
  `fin` date DEFAULT NULL,
  `inicio_inscripcion` date DEFAULT NULL,
  `fin_inscripcion` date DEFAULT NULL,
  `descripcion` text,
  `thumbnail` varchar(255) DEFAULT NULL,
  `institucion` varchar(100) DEFAULT NULL,
  `activo` tinyint(4) DEFAULT NULL,
  PRIMARY KEY (`id`),
  FULLTEXT KEY `course_name` (`course_name`,`descripcion`)
) ENGINE=InnoDB AUTO_INCREMENT=108 DEFAULT CHARSET=utf8;
/*!40101 SET character_set_client = @saved_cs_client */;

--
-- Dumping data for table `course_name`
--

LOCK TABLES `course_name` WRITE;
/*!40000 ALTER TABLE `course_name` DISABLE KEYS */;
INSERT INTO `course_name` VALUES (1,'Colef/Colef01/2015_COLEF','Migración, un fenómeno global','2015-09-21','2015-11-28','2015-06-19','2015-11-28','En este marco, el curso Migración, un fenómeno global está diseñado para un público amplio interesado en conocer los aspectos sociales, políticos, demográficos, culturales, legales, económicos y éticos de la migración, a través de voces expertas.','http://mx.televisioneducativa.gob.mx/c4x/Colef/Colef01/asset/banner_Migracion16.jpg','COLEF',0),(2,'El_Colegios_de_Mexico/CMLT1X/2015_LT1','Literatura y cultura tradicional de México','2015-09-21','2015-11-08','2015-03-04','2015-11-08','Este curso sobre la literatura y cultura tradicional de México se concibe desde esa perspectiva y trata de mostrar aquellos rasgos que corresponden a señas de identidad y aceptación de una serie de principios estéticos, valores y formas de convivencia en torno a creaciones artísticas','http://mx.televisioneducativa.gob.mx/c4x/El_Colegios_de_Mexico/CMLT1X/asset/mulita16.jpeg','COLMEX',1),(3,'INSP/insp.etv.001/2015_T1','ETV: Paludismo, Dengue y Chikungunya','2015-09-21','2015-11-10','2015-03-03','2015-11-10','El curso tiene como objetivo capacitar al personal de salud en el adecuado diagnóstico, tratamiento y manejo en general de enfermedades transmitidas por vector (ETV) de mayor impacto.','http://mx.televisioneducativa.gob.mx/c4x/INSP/insp.etv.001/asset/Chikun16.jpg','INSP',1),(4,'TecNM.MX/ACF-0903-1/2015_T2','Algebra Lineal','2015-09-21','2015-10-31','2015-06-19','2015-10-31','Está orientado a proporcionarte las herramientas necesarias para un mejor desempeño en el aprendizaje de los números complejos y solución de sistemas de ecuaciones, empleando matrices y determinantes','http://mx.televisioneducativa.gob.mx/c4x/TecNM.MX/ACF-0903-15-A1/asset/ALGEBRA01-.jpg','TNM',0),(5,'TelevisionEducativa/CCT-101/2015-S2','La dramática en el audiovisual de ficción','2015-09-21','2015-11-28','2015-06-23','2015-11-28','Este curso comparte el oficio y el arte de crear historias de trascendencia ética y estética, para generar y estructurar obras audiovisuales.','http://mx.televisioneducativa.gob.mx/c4x/CCT-Television-educativa/CCT-101-16/asset/dramatica_.png','CETE-DGTVE',0),(6,'UCSJ/G01/2015G01','De México al mundo, los ingredientes','2015-09-21','2015-11-09','2015-05-12','2015-11-09','De México al mundo, los ingredientes es un curso que busca difundir la cocina mexicana a través de sus ingredientes y familiarizar al público de todas las edades con la riqueza gastronómica de México.','http://mx.televisioneducativa.gob.mx/c4x/UCSJ/G01/asset/mazorcas_300px16.jpg','UCSJ',1),(7,'UnADM/CCMPT01/2015_S2','Cómo crear un MOOC ... para todos','2015-09-21','2015-10-30','2015-05-06','2015-10-30','Te brindaremos los elementos necesarios para ayudarte a planear, sistematizar y organizar todo lo necesario a través de un MOOC','http://mx.televisioneducativa.gob.mx/c4x/UnADM/CCMPT01/asset/portada_mooc16_2.png','UNADM',1),(8,'UNAM/UNAM002/Trimestral','Cambio climático','2015-09-21','2015-12-12','2015-06-19','2015-12-12','En este curso, nuestra misión es introducirte de forma amena y dinámica a los conocimientos básicos y al uso de herramientas relacionadas con el tema del cambio climático. Aprenderás sobre tu entorno, el medio ambiente, y tu influencia sobre él, pero sobre todo adquirirás conciencia e información que podrás transformar en conocimiento práctico para aplicarlo a tu vida cotidiana.','http://mx.televisioneducativa.gob.mx/c4x/UNAM/UNAM002/asset/logo16.jpg','UNAM',1),(9,'UPEV_IPN/01/2015_S2','Biología Humana','2015-09-28','2015-10-23','2015-06-29','2015-10-23','En este curso de Biología Humana conocerás la información básica sobre la estructura y función celular, y cómo a partir de la interacción entre células, se forman tejidos, órganos y sistemas.','http://mx.televisioneducativa.gob.mx/c4x/IPN/IPN_BH01/asset/anuncio_bio2016.png','IPN',0),(10,'UPEV_IPN/02/2015','Programación Orientada a Objetos (POO)','2015-09-21','2015-10-16','2015-04-16','2015-10-16','En este curso trabajarás con los fundamentos de la programación orientada a objetos para la resolución de problemas en sistemas computacionales.','http://mx.televisioneducativa.gob.mx/c4x/IPN/POO2016/asset/banner_gral_.jpg','IPN',0),(11,'UPN/UPN001/2015','Violencia en la Escuela. Herramientas para su análisis e intervención','2015-09-21','2015-11-15','2015-06-18','2015-11-15','A través del curso se brindan herramientas teórico-metodológicas para comprender a mayor profundidad el fenómeno y para poder construir estrategias para el diagnóstico y la intervención más pertinentes para hacer frente a los problemas de convivencia que hoy día se viven en las escuelas','http://mx.televisioneducativa.gob.mx/c4x/UPN/UPN001/asset/UPN01_Banner16.jpg','UPN',1),(12,'UNAM/UNAM001/Trimestral','Redacción para todos','2015-09-28','2015-12-12','2015-06-19','2015-12-12','Este curso consta de cuatro temas fundamentales y cada uno contiene las bases teóricas, los ejercicios y las actividades de evaluación que te permitirán mejorar notablemente tu redacción.','http://mx.televisioneducativa.gob.mx/c4x/UNAM/UNAM001/asset/redaccion16.jpg','UNAM',1),(13,'Prepaenlinea-SEP/Prepa001/2015-5','Aprender a Aprender, Alternativas para una mejor calidad de vida(cerrado)','2015-08-31','2015-10-31','2015-02-01','2015-11-16','Desarrollar interés por el aprendizaje considerando sus beneficios a lo largo de la vida e identificando las distintas habilidades para autorregularlo así como técnicas de estudio. Esto con la finalidad de aprender por iniciativa al poder situarse como un ser que se conoce, se valora y define sus metas en relación con sus procesos de construcción de saberes y conocimientos.','http://mx.televisioneducativa.gob.mx/c4x/Prepaenlinea-SEP/Prepa003-2p/asset/bannermooc-05.png','Prepa en Línea',0),(14,'UPEV_IPN/03/2015_S2','Administración de Proyectos de Tecnologías de la Información','2015-10-05','2015-10-30','2015-07-06','2015-10-30','En este curso trabajarás la definición, el desarrollo y el cierre de un proyecto de Tecnologías de la Información. ','http://mx.televisioneducativa.gob.mx/c4x/IPN/APTI01/asset/banner_gral_.jpg','IPN',0),(15,'UNAM/UNAM003/2014','Astronomía. Galaxias: los puentes entre las estrellas y el Universo','2015-10-05','2015-12-14','2015-07-06','2015-12-14','Dar un panorama del conocimiento actual sobre las galaxias y sus componentes así como de su origen y evolución en el contexto del Universo como un todo. Presentar los retos más actuales en el tema. Estimular en los participantes del curso el pensamiento científico, la actitud creativa y motivar el acercamiento a la ciencia.','http://mx.televisioneducativa.gob.mx/c4x/UNAM/UNAM003/asset/astronomia16.jpg','UNAM',1),(16,'INSP/osea1/2015_T2','Salud ósea a lo largo de la vida','2015-10-12','2015-11-10','2015-07-13','2015-11-17','El impacto de los padecimientos del esqueleto es un grave problema para la salud pública tanto por la discapacidad individual que originan (más intensa y significativa cuando se presentan fracturas ante actividades cotidianas) como por los elevados costos de la atención de las fracturas. Este impacto se puede evitar si se desarrolla una reserva esquelética óptima al llegar a los 40 años de edad. Es evidente que la salud ósea es una de las áreas de la salud pública en las que actualmente se puede intervenir desde el momento de la concepción hasta el de la muerte para mantener y/o restablecer la salud de manera operativa, con una gestión de recursos exitosa y cuyo costo-beneficio es de gran impacto positivo.','http://mx.televisioneducativa.gob.mx/c4x/INSP/osea1/asset/Portada_SALUDOSEA16.png','INSP',1),(17,'UCSJ/SDSJ01/2015_T1','Seducciones de Sor Juana','2015-10-12','2015-11-15','2015-06-15','2015-11-15','Seducciones de Sor Juana es un curso que busca difundir la vida, obra y contexto de la poeta mexicana Sor Juana Inés de la Cruz para familiarizar al público de todas las edades con la riqueza del mundo virreinal.','http://mx.televisioneducativa.gob.mx/c4x/UCSJ/SDSJ01/asset/SorJuana16.jpeg','UCSJ',1),(18,'UPN/UPN002/2015','Educación intercultural. Perspectivas interdisciplinarias','2015-10-19','2015-11-20','2015-06-18','2015-11-20','La educación intercultural es el enfoque que se viene usando en los programas educativos de las naciones multiculturales como México, para afrontar los problemas que suscita la desigualdad social, la diferencia cultural, el racismo y la universalización de la escuela y sus efectos, en los que no solo se incluyen la atención de las minorías indígenas, sino a toda la sociedad en su conjunto. Los principales retos que plantean dichos programas son: la democratización del sistema educativo, trasformación de las inequidades existentes en la sociedad (el acceso a la educación y permanencia, la inequidad, el racismo, la intolerancia); y la formación de los agentes educativos en este campo a fin de encararlas y trasformar los aparatos educativos, principalmente la escuela. ','http://mx.televisioneducativa.gob.mx/c4x/UPN/UPN002/asset/UPN02_Banner16.jpg','UPN',1),(19,'IIIDx/IIIDRn101x/2015_T2','Resiliencia Nómica','2015-10-19','2015-11-19','2015-07-20','2015-11-22','La remodelación del mundo empieza por mejorar el ambiente familiar, escolar y empresarial. La Resiliencia nómica hace parejas, familias, docentes, alumnos y empresarios resilientes para responder a los nuevos desafíos que la vida de hoy nos presenta a todos, desde recién nacidos hasta las personas de la tercera edad. Es el fundamento que está en tus manos para alcanzar plenamente tu bienestar y felicidad.','http://mx.televisioneducativa.gob.mx/c4x/IIIDx/IIIDRn102x/asset/Logo_B_IIIDxRn101_-.jpg','IIIDX',0),(20,'UNAM/0004UNAM/2014','Finanzas para emprendedores','2015-10-26','2015-12-07','2015-07-27','2015-12-07','Este curso te permitirá comprender la manera en que funcionan tus finanzas personales, desarrollar métodos para sacar ventaja de tu dinero y seleccionar las mejores opciones para tu patrimonio. Sabrás cuál es la relación e importancia que tienen el gobierno, los bancos, aseguradoras, en el sistema financiero.','http://mx.televisioneducativa.gob.mx/c4x/FCPS-UNAM/UNAM0007x/asset/Imagen_finanzas.png','UNAM',0),(21,'INSP/lactancia.01/2015_T1','Lactancia materna y amamantamiento','2015-10-12','2015-11-10','2015-08-03','2015-11-10','Las adecuadas prácticas de lactancia materna se sitúan entre las intervenciones con mayor efectividad para mejorar la salud de los niños. En contraparte se ha estimado que las prácticas inadecuadas de lactancia materna, como el no brindar lactancia materna exclusiva durante los primeros seis meses de vida, puede provocar 1.4 millones de muertes y el 10% de la ‘carga’ de enfermedades entre los niños menores de 5 años.','http://mx.televisioneducativa.gob.mx/c4x/INSP/lactancia.01/asset/LM_EDX16.jpg','INSP',1),(22,'course-v1:Prepaenlinea-SEP+Prepa001p+2015-4','Aprender a Aprender, Alternativas para una mejor calidad de vida(abierto)','2015-10-05','2015-11-01','2015-09-21','2015-11-01','Desarrollar interés por el aprendizaje considerando sus beneficios a lo largo de la vida e identificando las distintas habilidades para autorregularlo así como técnicas de estudio. Esto con la finalidad de aprender por iniciativa al poder situarse como un ser que se conoce, se valora y define sus metas en relación con sus procesos de construcción de saberes y conocimientos.','http://mx.televisioneducativa.gob.mx/c4x/Prepaenlinea-SEP/Prepa003-2p/asset/bannermooc-05.png','Prepa en Línea',0),(23,'INGER/DEMENCIAS01/2016_S1','Demencias','2016-01-18','2016-02-28','2015-09-29','2016-02-21','Las demencias se caracterizan por una disminución progresiva de la memoria, alteraciones de la conducta y una alta discapacidad y dependencia que generan una exigente demanda de cuidado, de soporte económico y social hacia la familia. Se calcula que cada tres segundos ocurre un nuevo caso de demencia.','http://mx.televisioneducativa.gob.mx/c4x/INGER/DEMENCIAS01/asset/Demencias_MexicoX.jpg','INGER',1),(24,'CENART/ABC2015/2015_S2','ABC para la creación de proyectos culturales','2016-01-18','2016-02-22','2015-10-23','2016-02-07','Las buenas ideas deben estar muy relacionadas con una estrategia de gestión eficiente para convertirlas en proyectos realizables. Las herramientas básicas son útiles para solicitar apoyo financiero, o de cualquier otra índole, y gestionar una beca para llevar a cabo los proyectos.','http://mx.televisioneducativa.gob.mx/c4x/CENART/ABC2015/asset/ABC_-.jpg','CENART',0),(25,'UNAM/UNAM005/2015','México, sus grandes retos y oportunidades','2016-01-18','2016-02-19','2015-09-14','2016-02-19','En este curso analizarás temas actuales de México en el ámbito económico, político, demográfico, social y cultural, lo cual te ayudará a comprender los retos y oportunidades que tiene el país en esos ámbitos. ¡Bienvenido a la Comunidad Universitaria!','http://mx.televisioneducativa.gob.mx/c4x/UNAM/UNAM005/asset/M%C3%A9xico__sus_grandes_retos_y_oportunidades_.jpg','UNAM',1),(26,'UNAM/UNAM0006/2015','México multiculturalismo','2016-02-01','2016-02-26','2015-09-21','2016-02-26','En este curso analizarás a México y su nación multicultural.','http://mx.televisioneducativa.gob.mx/c4x/UNAM/UNAM0006/asset/México_multiculturalismo_.jpg','UNAM',1),(27,'TecNM.MX/ACF-0903-15-A1/2016-T1','Álgebra Lineal','2016-02-10','2016-03-06','2015-11-13','2016-03-08','Está orientado a proporcionarte las herramientas necesarias para un mejor desempeño en el aprendizaje de los números complejos y solución de sistemas de ecuaciones, empleando matrices y determinantes','http://mx.televisioneducativa.gob.mx/c4x/TecNM.MX/ACF-0903-15-A1/asset/ALGEBRA01-.jpg','TNM',1),(28,'TecNM.MX/M-ACC-0906-1_1/2016','Investigación, Descubriendo Hechos y Principios','2016-03-07','2016-03-02','2015-10-12','2015-10-17','El MOOC “Investigación: Descubriendo hechos y principios”, está diseñado para participantes que tienen interés en adquirir los conocimientos teóricos básicos que les permitan comenzar a implementar estrategias para dar solución a problemas de su interés, utilizando herramientas de investigación científica.','http://mx.televisioneducativa.gob.mx/c4x/TecNM.MX/M-ACC-0906-1_1/asset/Investigacion_.jpg','TNM',1),(29,'TecNM.MX/ACF-0903-2/2016_T1','Algebra de Espacios Vectoriales','2016-03-07','2016-05-02','2015-10-19','2015-10-24','El Álgebra de Espacios Vectoriales se considera una rama de la matemática abstracta, y en algunos casos “complicada”. Sin embargo, dándole un enfoque dinámico se puede lograr entender de una manera fácil e interesante, pero lo más importante es que se pueden usar en aplicaciones tanto entretenidas como divertidas, por ejemplo, la transformación de imágenes, entre otras.','http://mx.televisioneducativa.gob.mx/c4x/TecNM.MX/ACF-0903-2/asset/AEV_.jpg','TNM',1),(30,'TecNM.MX/M-ACD0908-1/2016','Desarrollo Sustentable, nuestro futuro compartido','2016-03-07','2016-05-02','2015-10-19','2016-03-25','En este curso abordaremos el estudio de los tres grandes ámbitos del desarrollo sustentable (ambiental, social y económico) así como sus interrelaciones. Se hará un esfuerzo de síntesis y terminaremos con una reflexión en torno al compromiso que debemos asumir como individuos (consumidores, ciudadanos), así como nuestro papel profesional para lograr orientar el desarrollo hacia la sustentabilidad.','http://mx.televisioneducativa.gob.mx/c4x/TecNM.MX/M-ACD0908-1/asset/Desarrollo_sustentable_.JPG','TNM',1),(31,'TecNM.MX/TIP-1017-1/2016_T1','Informática en la vida moderna','2016-03-07','2016-05-02','2015-11-17','2016-04-08','El diseño de este MOOC, está orientado a proporcionarte los conocimientos necesarios para el manejo adecuado de diversas aplicaciones o herramientas informáticas que te permitirán obtener el máximo provecho de tus dispositivos móviles y equipos de cómputo, fundamentalmente en tareas de gestión de información personal de manera ubicua y sincronizada.','http://mx.televisioneducativa.gob.mx/c4x/TecNM.MX/TIP-1017-1/asset/Informatica_.jpg','TNM',1),(32,'TecNM.MX/ACF-0902-1/2016','Entendiendo el Cálculo Integral','2016-03-07','2016-05-02','2015-10-12','2016-02-26','El aprendizaje del Cálculo Integral es importante debido a que propicia el pensamiento lógico-analítico y se utiliza como herramienta para resolver problemas reales y concretos de diversas áreas del conocimiento, no sólo en Matemáticas y Física, sino en disciplinas tales como la Ingeniería, Economía, entre otras. Las Matemáticas nos ayudan a describir en forma cuantitativa diversas situaciones y fenómenos, el Cálculo en particular, en aquellos que involucran variaciones.','http://mx.televisioneducativa.gob.mx/c4x/TecNM.MX/ACF-0902-1/asset/mooc_flyer_edx.png','TNM',1),(33,'TecNM/ACF-0901-A/2016','Piérdele el miedo a las mates','2016-03-07','2016-05-02','2015-11-17','2016-04-01','Nuestra labor en este curso es la de guiarte en el conocimiento y entendimiento de la aritmética y los principios del álgebra con la intención de apoyarte en la construcción de esa base. Para este propósito diseñamos algunos textos, presentaciones y videos que te acompañarán en este proceso de aprendizaje que, cabe enfatizar, es tu proceso. Este curso consta de treinta horas con una dedicación semanal de al menos cinco para poder cubrirlo en las seis semanas en que está organizado. Deseamos que a lo largo de este transitar puedas sentir el éxtasis que provoca aprender matemáticas.','http://mx.televisioneducativa.gob.mx/c4x/TecNM/ACF-0901-A/asset/degradada.jpeg','TNM',0),(34,'INFOTEC/INFOTECPDP/2016_T1','Protección de Datos Personales','2016-02-15','2016-03-18','2016-01-18','2016-03-18','La importancia de este curso radica en desarrollar elementos teóricos fundamentales en torno a la privacidad y a la protección de datos personales en el ámbito tradicional y digital, a fin de que el alumno cuente con las herramientas necesarias para prevenir e identificar un mal uso de los datos personales, así como para hacer valer su derecho ante el órgano garante.','http://mx.televisioneducativa.gob.mx/c4x/INFOTEC/INFOTECPDP/asset/proteccio_n_de_datos.png','INFOTEC',1),(35,'INFOTEC/HCIARS/2016_T1','Herramientas de cómputo para la investigación y análisis de redes sociales','2016-02-22','2016-03-18','2016-01-18','2016-03-18','El curso tiene como propósito que los alumnos aprendan a usar herramientas tecnológicas que les permitan analizar redes sociales entendidas como grupos sociales en los que los actores tienen determinados tipos de intercambios, en este caso se incluyen las redes sociales tecnológicas, como Facebook y Twitter. El curso está enfocado a personas que cuentan con estudios de licenciatura en ciencias sociales y que requieran analizar el comportamiento de las redes sociales.','http://mx.televisioneducativa.gob.mx/c4x/INFOTEC/HCIARS/asset/HErramientas_de_computo5.jpg','INFOTEC',1),(36,'INFOTEC/MOOC_IdC/062015','Internet de las cosas','2016-04-12','2016-05-09','2016-01-18','2016-05-09','Como caso práctico del curso, se desarrollará una aplicación básica del IoT para un dominio específico de ciudades inteligentes, haciendo uso de la infraestructura de FIWARE y de datos obtenidos por dispositivos físicos (sensores) instalados en una ciudad.','http://mx.televisioneducativa.gob.mx/c4x/INFOTEC/MOOC_IdC/asset/internet_de_las_cosas.png','INFOTEC',1),(37,'INFOTEC/EMRIC/2016_T1','Estrategias para el Manejo de Recursos de Información Científica','2016-04-19','2016-05-17','2016-01-18','2016-05-17','Este curso muestra las buenas prácticas en el manejo de diversas fuentes electrónicas de información científica, que permitan a las personas aprender estrategias para buscar, seleccionar y sistematizar información durante sus actividades académicas o profesionales.','http://mx.televisioneducativa.gob.mx/c4x/INFOTEC/EMRIC/asset/imagen_de_curso.png','INFOTEC',1),(38,'UNIRMexico/CE_UNIRMex/2016_01','Coaching Educativo','2016-03-07','2016-05-18','2016-01-25','2016-04-17','En este curso se facilitarán nuevos métodos de trabajo en las aulas, dentro de un contexto teórico específico pero con indicaciones muy concretas para llevarlas a la práctica en el día a día de nuestros centros educativos.','http://mx.televisioneducativa.gob.mx/c4x/UNIRMexico/CE_UNIRMex/asset/UNIR_mexicologo.png','UNIR',1),(39,'CONAMED/PCDAM/2016_C1','Prevención del conflicto derivado del acto médico','2016-02-18','2016-04-29','2016-01-25','2016-04-29','El curso sobre Prevención del conflicto derivado del acto médico, es un producto derivado de la experiencia que la Comisión Nacional de Arbitraje Médico ha tenido a lo largo de aproximadamente 20 años. La Comisión Nacional de Arbitraje Médico, es un órgano desconcentrado de la Secretaría de Salud, creado para la atención de quejas de los pacientes con respecto a la atención médica recibida en diferentes instituciones de salud tanto públicas como privadas.','http://mx.televisioneducativa.gob.mx/c4x/CONAMED/PCDAM/asset/ConamedFotoFachada.jpg','CONAMED',1),(40,'','Módulos iniciales para el sistema de Justicia Penal(cerrado)','2016-03-28','2016-04-27','2016-02-02','2016-02-07','','','SETEC',0),(41,'DGESPE/CICHD-2016/2016_S2','Curso Integral de Consolidación a las Habilidades Docentes','2016-02-22','2016-04-29','2016-02-02','2016-02-07','Está diseñado como apoyo a la formación de los futuros docentes para desarrollar y fortalecer conocimientos, habilidades, aptitudes y valores en torno a su profesión, y así contribuir al fortalecimiento del perfil de egreso de los alumnos de las Escuelas Normales; además, permitirá a los egresados contar con herramientas para presentar el “Concurso de Oposición de Ingreso a la Educación Básica”, con mayores posibilidades de éxito. ','http://mx.televisioneducativa.gob.mx/c4x/DGESPE/CICHD-2016/asset/11.jpg','DGESPE',0),(42,'','Módulos iniciales para el sistema de Justicia Penal Acusatorio (abierto)','2016-02-29','2016-03-30','2016-02-02','2016-02-07','','','SETEC',0),(43,'El_Colegio_de_Mexico/CMHI1x/2016_T1','La historia de la vida cotidiana','2016-02-22','2016-03-08','2016-02-03','2016-02-08','La historia de lo cotidiano es la que todos hacemos diariamente, la que vivimos hoy y la que nuestros padres y abuelos vivieron antes. Es lo que pensamos y creemos, lo que sentimos y expresamos; la forma en que nos relacionamos y platicamos, nuestro trabajo y nuestras diversiones, nuestros amigos y nuestra familia. ','http://mx.televisioneducativa.gob.mx/c4x/El_Colegio_de_Mexico/CMHI1x/asset/la_historia_de_la_vida_cotidiana.jpg','COLMEX',1),(44,'UNIRMexico/TIC_UNIRMex/2016_01','El uso de las TIC en la Educación Primaria','2016-05-04','2016-06-04','2016-02-04','2016-02-09','','http://mx.televisioneducativa.gob.mx/c4x/UNIRMexico/TIC_UNIRMex/asset/NinoTIC.jpg','UNIR',1),(45,'DGESPE/IAVA_2016/2016_S2','Introducción a los Ambientes Virtuales de Aprendizaje','2016-02-22','2016-05-06','2016-02-08','2016-02-13','El curso Inducción a los Ambientes Virtuales de Aprendizaje está orientado al fortalecimiento de las competencias informáticas y habilidades de los futuros docentes para el uso de los recursos que nos ofrece la tecnología, así como para familiarizarlos en la navegación, comunicación y el trabajo colaborativo en el aula virtual.','http://mx.televisioneducativa.gob.mx/c4x/DGESPE/IAVA_2016/asset/AVA2.png','DGESPE',1),(46,'IIIDx/IIIDRn102x/2016_T1','Resiliencia Nómica','2016-05-16','2016-08-08','2016-02-15','2016-02-20','La remodelación del mundo empieza por mejorar el ambiente familiar, escolar y empresarial. La Resiliencia nómica hace parejas, familias, docentes, alumnos y empresarios resilientes para responder a los nuevos desafíos que la vida de hoy nos presenta a todos, desde recién nacidos hasta las personas de la tercera edad. Es el fundamento que está en tus manos para alcanzar plenamente tu bienestar y felicidad.','http://mx.televisioneducativa.gob.mx/c4x/IIIDx/IIIDRn102x/asset/Logo_B_IIIDxRn101_-.jpg','IIIDX',1),(47,'UniversidadHebraica/UHMx_01/2016_T1','Descifrando el Mundo de las adicciones','2016-04-15','2016-05-20','2016-02-15','2016-02-20','El objetivo de este curso es que logres identificar y conocer los diferentes tipos de drogas, sus efectos y consecuencias a nivel individual, familiar y social y, cuales son los factores de riesgo que propician el consumo de drogas y los factores que favorecen estilos de vida saludables.','http://mx.televisioneducativa.gob.mx/c4x/UniversidadHebraica/UHMx_01/asset/MOOCAdiccionesUH336px.png','UHEBRAICA',1),(48,'Prepaenlinea-SEP/Prepa003-2p/2016_1','Aprender a Aprender, alternativas para una mejor calidad de vida(cerrado 2)','2016-03-07','2016-04-10','2016-02-15','2016-03-06','Desarrollar interés por el aprendizaje considerando sus beneficios a lo largo de la vida e identificando las distintas habilidades para autorregularlo así como técnicas de estudio. Esto con la finalidad de aprender por iniciativa al poder situarse como un ser que se conoce, se valora y define sus metas en relación con sus procesos de construcción de saberes y conocimientos.','http://mx.televisioneducativa.gob.mx/c4x/Prepaenlinea-SEP/Prepa003-2p/asset/bannermooc-05.png','Prepa en Línea',0),(49,'','Módulos iniciales para el sistema de Justicia Penal Acusatorio (cerrado)','2016-03-28','2016-04-27','2016-02-22','2016-02-27','','','SETEC',0),(50,'CONAPASE/CONAPASE_TIC_2016/2016-S1','Tecnologías de la información y la comunicación (TIC) para la participación social en la educación','2016-05-23','2016-06-17','2016-03-10','2016-03-15','El curso tiene como propósito desarrollar capacidades para utilizar dispositivos y herramientas digitales, con el fin de mejorar y diversificar las posibilidades de comunicación y participación social de los padres de familia en la educación de sus hijos y en su propio aprendizaje.','http://mx.televisioneducativa.gob.mx/c4x/CONAPASE/CONAPASE_TIC_2016/asset/FOTO_1.JPG','CONAPASE',1),(51,'IPN/POO2016/2016_S1','Programación Orientada a Objetos (POO)','2016-06-06','2016-07-01','2016-03-07','2016-06-07','En este curso trabajarás con los fundamentos de la programación orientada a objetos para la resolución de problemas en sistemas computacionales.','http://mx.televisioneducativa.gob.mx/c4x/IPN/POO2016/asset/banner_gral_.jpg','IPN',1),(52,'Prepaenlinea-SEP/Prepa003-2p/2016_1','Aprender a Aprender, alternativas para una mejor calidad de vida(cerrado 2)','0000-00-00','0000-00-00','2016-02-22','2016-03-06','Desarrollar interés por el aprendizaje considerando sus beneficios a lo largo de la vida e identificando las distintas habilidades para autorregularlo así como técnicas de estudio. Esto con la finalidad de aprender por iniciativa al poder situarse como un ser que se conoce, se valora y define sus metas en relación con sus procesos de construcción de saberes y conocimientos.','http://mx.televisioneducativa.gob.mx/c4x/Prepaenlinea-SEP/Prepa003-2p/asset/bannermooc-05.png','Prepa en Línea',0),(53,'Prepaenlinea-SEP/PrepaSEP004-2a/2016_S1','Aprender a Aprender, alternativas para una mejor calidad de vida(abierto 2)','2016-04-18','2016-05-22','2016-03-08','2016-04-17','Desarrollar interés por el aprendizaje considerando sus beneficios a lo largo de la vida e identificando las distintas habilidades para autorregularlo así como técnicas de estudio. Esto con la finalidad de aprender por iniciativa al poder situarse como un ser que se conoce, se valora y define sus metas en relación con sus procesos de construcción de saberes y conocimientos.','http://mx.televisioneducativa.gob.mx/c4x/Prepaenlinea-SEP/Prepa003-2p/asset/bannermooc-05.png','Prepa en Línea',0),(54,'','Curso básico para Agentes del Ministerio Público ','2016-04-16','2016-06-15','2016-03-13','2016-03-18','','','SETEC',0),(55,'IPN/IPN_BH01/2016_S2','Biología Humana','2016-06-13','2016-07-08','2016-03-13','2016-02-18','En este curso de Biología Humana conocerás la información básica sobre la estructura y función celular, y cómo a partir de la interacción entre células, se forman tejidos, órganos y sistemas.','http://mx.televisioneducativa.gob.mx/c4x/IPN/IPN_BH01/asset/anuncio_bio2016.png','IPN',1),(56,'','Administración de Proyectos de Tecnologías de la Información(2)','2016-06-20','2016-07-15','2016-03-20','2016-03-25','En este curso trabajarás la definición, el desarrollo y el cierre de un proyecto de Tecnologías de la Información. ','http://mx.televisioneducativa.gob.mx/c4x/IPN/APTI01/asset/banner_gral_.jpg','IPN',0),(57,'SistemaDeUniversidadVirtualUdG/H2016-1/2016-S2','Otra forma de aprender historia','2016-04-25','2016-06-05','2016-03-22','2016-03-27','El presente curso pretende ser una oportunidad de aprender Historia de manera más placentera y en diálogo con otros, para darle sentido.','http://mx.televisioneducativa.gob.mx/c4x/SistemaDeUniversidadVirtualUdG/H2016-1/asset/historia_02.jpg','UDG',1),(58,'CCT-Television-educativa/CCT-101-16/2016-S1','La dramática en el audiovisual de ficción','2016-06-20','2016-08-20','2016-03-31','2016-04-05','Este curso comparte el oficio y el arte de crear historias de trascendencia ética y estética, para generar y estructurar obras audiovisuales.','http://mx.televisioneducativa.gob.mx/c4x/CCT-Television-educativa/CCT-101-16/asset/dramatica_.png','CETE-DGTVE',1),(59,'FCPS-UNAM/UNAM0007x/2016-S1','Finanzas para emprendedores','2016-06-01','2016-07-15','2016-04-04','2016-04-09','Este curso te permitirá comprender la manera en que funcionan tus finanzas personales, desarrollar métodos para sacar ventaja de tu dinero y seleccionar las mejores opciones para tu patrimonio. Sabrás cuál es la relación e importancia que tienen el gobierno, los bancos, aseguradoras, en el sistema financiero.','http://mx.televisioneducativa.gob.mx/c4x/FCPS-UNAM/UNAM0007x/asset/Imagen_finanzas.png','UNAM',1),(60,'BUAP/BUAP-AA2016/2016_S2','Apreciación y análisis. Una guía para entender el arte.','2016-06-07','2016-07-01','2016-03-07','2016-03-12','','http://mx.televisioneducativa.gob.mx/c4x/BUAP/BUAP-AA2016/asset/images_course_image.jpg','BUAP',1),(61,'CINVESTAV/FRPMx/2016_S1','Resolución de problemas matemáticos y el uso de tecnologías digitales','2016-05-23','2016-06-30','2016-04-11','2016-04-16','La resolución de problemas no se reduce a que los estudiantes encuentren la \nsolución de un conjunto de problemas; la idea es que desarrollen recursos y estrategias que \nles permita representar problemas de maneras distintas, explorar varios caminos de solución \ny siempre buscar formas de extender y generalizar resultados.','http://mx.televisioneducativa.gob.mx/c4x/CINVESTAV/FRPMx/asset/Resolucion_de_problemas_banner.png','CINVESTAV',1),(62,NULL,'Comunicación afectiva para el aprendizaje en línea','2016-05-16','2016-06-26','2016-04-18','2016-04-23','\\N',NULL,'UDG',0),(63,'','Actitud docente y cultural tecno-pedagógica','2016-06-06','2016-07-04','2016-05-01','2016-05-06','','','UDG',0),(64,'','El cuidador un rol poco comprendido','2016-06-20','2016-07-15','2016-05-15','2016-05-20','','','UDG',0),(65,'IPN-UPEV/ICE_01/2016','Inducción a la correción de estilo','2016-07-11','2016-08-05','2016-04-11','2016-04-16','','http://mx.televisioneducativa.gob.mx/c4x/IPN-UPEV/ICE_01/asset/banner_principal2.jpg','IPN',1),(66,'','Curso básico para defensores(cerrado)','2016-05-16','2016-06-15','2016-04-13','2016-04-18','','','SETEC',0),(67,'','Introducción a la ciencia desde la nueva epistemología','2016-06-20','2016-08-21','2016-04-18','2016-04-23','','','UPN',0),(68,'DGSPE/CPENx/2016-T2','Portafolio de evidencias para Escuelas normales','2016-05-16','2016-07-15','2016-04-18','2016-04-23','','http://mx.televisioneducativa.gob.mx/c4x/DGSPE/CPENx/asset/CPENx.jpg','DGESPE',1),(69,'','Módulos iniciales para el sistema de Justicia Penal Acusatorio (abierto 2)','2016-05-02','2016-06-01','2016-04-20','2016-04-25','','','SETEC',0),(70,'','Competencias directivas para la gestión de centros escolares','2016-07-25','2016-08-19','2016-04-25','2016-04-30','','','IPN',0),(71,'','El docente y su identidad Profesional','2016-05-16','2016-07-29','2016-05-02','2016-05-07','','','DGESPE',0),(72,'IIIDx/IIIDFe101x/2016_S2','Felicidad estudios avanzados','2016-08-08','2016-10-03','2016-05-09','2016-05-14','','http://mx.televisioneducativa.gob.mx/c4x/IIIDx/IIIDFe101x/asset/Felicidad_1.png','IIIDX',1),(73,'','La línea, 3200 kms de frontera','2016-08-15','2016-09-20','2016-05-14','2016-05-19','','','COLEF',0),(74,'','Aprendizaje estratégico en ambientes virtuales','2016-08-15','2016-09-30','2016-05-15','2016-05-20','','','UNADM',0),(75,'','Geobiología ','2016-08-15','2016-09-28','2016-05-16','2016-05-21','','','IPN',0),(76,'','Cálculo Diferencial','2016-09-01','2016-11-30','2016-06-01','2016-06-06','','','TNM',0),(77,'Microsoft/MSW01/2016_S2','Edición de documentos para el aula de clases con Microsoft Word','2016-10-03','2016-10-30','2016-06-01','2016-06-06','','http://mx.televisioneducativa.gob.mx/c4x/Microsoft/MSW01/asset/logo_word_sn.png','MICROSOFT',1),(78,'','Curso básico para Peritos','2016-07-04','2016-08-03','2016-06-06','2016-06-11','','','SETEC',0),(79,'','Curso básico para personal del Sistema Penitenciario','2016-07-04','2016-08-03','2016-06-06','2016-06-11','','','SETEC',0),(80,'','Curso básico para jueces','2016-07-04','2016-08-03','2016-06-06','2016-06-11','','','SETEC',0),(81,'','Módulos iniciales para el sistema de Justicia Penal Acusatorio(cerrado)','2016-07-04','2016-08-03','2016-06-06','2016-06-11','','','SETEC',0),(82,'','Curso básico para Agentes del Ministerio Público ','2016-07-04','2016-08-03','2016-06-06','2016-06-11','','','SETEC',0),(83,'','Curso básico para jueces','2016-07-04','2016-08-03','2016-06-06','2016-06-11','','','SETEC',0),(84,'','Curso básico para defensores(cerrado)','2016-07-04','2016-08-03','2016-06-06','2016-06-11','','','SETEC',0),(85,'','Resiliencia Nómica','2016-08-22','2016-11-30','2016-06-08','2016-06-13','','','IIIDX',0),(86,'','Prevención de accidentes en casa','2016-09-04','2016-09-30','2016-07-01','2016-07-06','','','UNADM',0),(87,'Microsoft/MSPP01/2016_S2','Productividad y creatividad en el aula con Microsoft Power Point','2016-10-03','2016-10-30','2016-07-01','2016-07-06','','http://mx.televisioneducativa.gob.mx/c4x/Microsoft/MSPP01/asset/logo_pp_sn.png','MICROSOFT',1),(88,'','Como desarrollar una mentalidad innovadora ','2016-09-04','2016-09-30','2016-07-01','2016-07-06','','','UNADM',0),(89,'','Ciberacoso o Ciberbullying ','2016-08-29','2016-09-28','2016-07-03','2016-07-08','','','Universidad Albert Einstein',0),(90,'','Curso básico para asesor Jurídico de victima','2016-08-22','2016-09-21','2016-07-18','2016-07-23','','','SETEC',0),(91,'','Curso básico para especialistas de Métodos alternos de solución de controversias ','2016-08-22','2016-09-21','2016-07-18','2016-07-23','','','SETEC',0),(92,'','Curso básico para Peritos','2016-08-22','2016-09-21','2016-07-18','2016-07-23','','','SETEC',0),(93,'','Curso básico para Agentes del Ministerio Público ','2016-08-22','2016-09-21','2016-07-18','2016-07-23','','','SETEC',0),(94,'','Curso básico para defensores','2016-08-22','2016-09-21','2016-07-18','2016-07-23','','','SETEC',0),(95,'','Curso básico para personal del Sistema Penitenciario','2016-08-22','2016-09-21','2016-07-18','2016-07-23','','','SETEC',0),(96,'','Módulos iniciales para el sistema de Justicia Penal Acusatorio(cerrado)','2016-08-22','2016-09-21','2016-07-18','2016-07-23','','','SETEC',0),(97,'','Curso básico para jueces','2016-08-10','2016-09-21','2016-07-18','2016-07-23','','','SETEC',0),(98,'','Curso básico para asesor Jurídico de victima','2016-08-22','2016-09-21','2016-07-18','2016-07-23','','','SETEC',0),(99,'','Diseño y creación de recursos de aprendizaje con Microsoft Excel ','2016-10-31','2016-11-27','2016-08-01','2016-08-06','','','MICROSOFT',0),(100,'IPN-UPEV/FDEMNS_01/2016','Formación docente para la enseñanza de matemáticas básicas','2016-06-13','2016-07-08','2016-04-29','2016-06-20','En este MOOC de Formación docente para la enseñanza de Matemáticas básicas, conocerás información importante que te ayudará a realizar actividades de inicio, desarrollo y cierre, a partir de conocer sus características, ejemplos y algunos tips.','http://mx.televisioneducativa.gob.mx/c4x/IPN-UPEV/FDEMNS_01/asset/banner_principal1.jpg','IPN',1),(101,'IPN-UPEV/LGCEPQ_01/2016','Liderazgo de gestión en centros educativos ¿por qué?','2016-07-25','2016-08-19','2016-05-23','2016-08-02','El MOOC Liderazgo de Gestión en Centros Educativos ¿Por qué? te permitirá adquirir conocimientos que te serán útiles a lo largo de tu gestión en el centro educativo que diriges o piensas dirigir. El tiempo de estudio y dedicación que otorgues al MOOC será la clave que te permitirá alcanzar las metas establecidas.','http://mx.televisioneducativa.gob.mx/c4x/IPN-UPEV/LGCEPQ_01/asset/banner_gral_lgce.jpg','IPN',1),(102,'course-v1:TecdeMonterrey+innorea01x+2016','Innovación en la creación de recursos abiertos para la educación','2016-09-05','2016-10-10','2016-08-05','2016-09-10','La temática del curso aborda la selección, uso y reúso de recursos educativos abiertos, las posibilidades de repositorios que alojan estos materiales, estrategias de búsqueda e integración en procesos formativos, así como la importancia de valorar su medición e impacto en los aprendizajes de los participantes.','http://mx.televisioneducativa.gob.mx/asset-v1:TecdeMonterrey+innorea01x+2016+type@asset+block@banners0043.png','TecdeMonterrey',1),(103,'DGESPE/CICHD-2016/2016_05','Curso Integral de Consolidación a las Habilidades Docentes','2016-05-23','2016-07-22','2016-04-23','2016-05-30','stá diseñado como apoyo a la formación de los futuros docentes para desarrollar y fortalecer conocimientos, habilidades, aptitudes y valores en torno a su profesión, y así contribuir al fortalecimiento del perfil de egreso de los alumnos de las Escuelas Normales; además, permitirá a los egresados contar con herramientas para presentar el ?Concurso de Oposición de Ingreso a la Educación Básica?, con mayores posibilidades de éxito.','http://mx.televisioneducativa.gob.mx/c4x/DGESPE/CICHD-2016/asset/11.jpg','DGESPE',1),(104,'CENART/ABC2016/2016','ABC para la creación de proyectos culturales','2016-06-20','2016-07-25','2016-05-20','2016-06-27','conjunto de acciones que ofrecen los recursos, herramientas y estrategias indispensables para transformar las ideas en resultados tangibles.\nLas buenas ideas deben estar muy relacionadas con una estrategia de gestión eficiente para convertirlas en proyectos realizables. Las herramientas básicas son útiles para solicitar apoyo financiero, o de cualquier otra índole, y gestionar una beca para llevar a cabo los proyectos.','http://mx.televisioneducativa.gob.mx/c4x/CENART/ABC2016/asset/ABC_-.jpg','CENART',1),(105,'IPN/APTI01/2016-S2','Administración de proyectos de Tecnologías de la Información','2016-06-20','2016-07-15','2016-05-20','2016-06-27','En este curso trabajarás la definición, el desarrollo y el cierre de un proyecto de Tecnologías de la Información.','http://mx.televisioneducativa.gob.mx/c4x/IPN/APTI01/asset/banner_gral_.jpg','IPN',1),(106,'Colef/Colef02/2016_S2','Migración, un fenómeno global','2016-07-10','2016-08-20','2016-06-10','2016-07-17','Contribuir a que los participantes conozcan y comprendan el fenómeno de la migración internacional desde un enfoque multidisciplinario y multidimensional.','http://mx.televisioneducativa.gob.mx/c4x/Colef/Colef02/asset/Portal.jpg','COLEF',1),(107,'Prepaenlinea-SEP/PrepaSEP005-3a/2016_S2','Aprender a Aprender, alternativas para una mejor calidad de vida','2016-07-11','2016-08-14','2016-06-11','2016-07-18','Desarrollar interés por el aprendizaje considerando sus beneficios a lo largo de la vida e identificando las distintas habilidades para autorregularlo así como técnicas de estudio. Esto con la finalidad de aprender por iniciativa al poder situarse como un ser que se conoce, se valora y define sus metas en relación con sus procesos de construcción de saberes y conocimientos.','http://mx.televisioneducativa.gob.mx/c4x/Prepaenlinea-SEP/PrepaSEP005-3a/asset/bannermooc-07.png','Prepa en Línea',1);
/*!40000 ALTER TABLE `course_name` ENABLE KEYS */;
UNLOCK TABLES;

--
-- Table structure for table `curso_categoria`
--

DROP TABLE IF EXISTS `curso_categoria`;
/*!40101 SET @saved_cs_client     = @@character_set_client */;
/*!40101 SET character_set_client = utf8 */;
CREATE TABLE `curso_categoria` (
  `id_curso` int(11) DEFAULT NULL,
  `id_categoria` int(11) DEFAULT NULL,
  KEY `id_categoria` (`id_categoria`),
  CONSTRAINT `curso_categoria_ibfk_1` FOREIGN KEY (`id_categoria`) REFERENCES `categorias` (`id`)
) ENGINE=InnoDB DEFAULT CHARSET=latin1;
/*!40101 SET character_set_client = @saved_cs_client */;

--
-- Dumping data for table `curso_categoria`
--

LOCK TABLES `curso_categoria` WRITE;
/*!40000 ALTER TABLE `curso_categoria` DISABLE KEYS */;
INSERT INTO `curso_categoria` VALUES (1,4),(2,3),(3,10),(4,6),(5,3),(6,11),(7,2),(8,6),(9,6),(10,8),(11,4),(12,4),(13,2),(14,7),(15,6),(16,10),(17,3),(18,2),(19,1),(20,4),(21,10),(22,2),(23,10),(24,3),(25,4),(26,4),(27,6),(28,6),(29,6),(30,8),(31,7),(32,6),(33,6),(34,7),(35,7),(36,7),(37,7),(38,2),(39,10),(40,5),(41,2),(42,5),(43,3),(44,7),(45,7),(46,1),(47,10),(48,2),(49,5),(50,7),(51,8),(52,2),(53,2),(54,5),(55,6),(56,7),(57,3),(58,3),(59,4),(60,3),(61,6),(62,3),(63,4),(64,3),(65,4),(66,5),(67,6),(68,2),(69,5),(70,5),(71,6),(72,2),(73,4),(74,2),(75,6),(76,6),(77,2),(78,5),(79,5),(80,5),(81,5),(82,5),(83,5),(84,5),(85,1),(86,11),(87,2),(88,1),(89,11),(90,5),(91,5),(92,5),(93,5),(94,5),(95,5),(96,5),(97,5),(98,5),(99,5),(100,6),(101,5),(102,2),(103,7);
/*!40000 ALTER TABLE `curso_categoria` ENABLE KEYS */;
UNLOCK TABLES;

--
-- Table structure for table `categorias`
--

DROP TABLE IF EXISTS `categorias`;
/*!40101 SET @saved_cs_client     = @@character_set_client */;
/*!40101 SET character_set_client = utf8 */;
CREATE TABLE `categorias` (
  `id` int(11) NOT NULL AUTO_INCREMENT,
  `categoria` varchar(255) DEFAULT NULL,
  PRIMARY KEY (`id`)
) ENGINE=InnoDB AUTO_INCREMENT=12 DEFAULT CHARSET=latin1;
/*!40101 SET character_set_client = @saved_cs_client */;

--
-- Dumping data for table `categorias`
--

LOCK TABLES `categorias` WRITE;
/*!40000 ALTER TABLE `categorias` DISABLE KEYS */;
INSERT INTO `categorias` VALUES (1,'Programas y certificaciones génericos'),(2,'Educación'),(3,'Artes y humanidades'),(4,'Ciencias sociales,periodismo e información'),(5,'Administración de empresas y derecho'),(6,'Ciencias naturales, matemáticas y estadística'),(7,'Tecnologías de la información y la comunicación (TIC)'),(8,'Ingeniería, industría y construcción'),(9,'Agricultura, silvicultura, pesca y veterinaria'),(10,'Salud y bienestar'),(11,'Servicios');
/*!40000 ALTER TABLE `categorias` ENABLE KEYS */;
UNLOCK TABLES;
/*!40103 SET TIME_ZONE=@OLD_TIME_ZONE */;

/*!40101 SET SQL_MODE=@OLD_SQL_MODE */;
/*!40014 SET FOREIGN_KEY_CHECKS=@OLD_FOREIGN_KEY_CHECKS */;
/*!40014 SET UNIQUE_CHECKS=@OLD_UNIQUE_CHECKS */;
/*!40101 SET CHARACTER_SET_CLIENT=@OLD_CHARACTER_SET_CLIENT */;
/*!40101 SET CHARACTER_SET_RESULTS=@OLD_CHARACTER_SET_RESULTS */;
/*!40101 SET COLLATION_CONNECTION=@OLD_COLLATION_CONNECTION */;
/*!40111 SET SQL_NOTES=@OLD_SQL_NOTES */;

-- Dump completed on 2016-07-19 10:55:42
